<?xml version="1.0" encoding="UTF-8" standalone="yes"?>
<vizmap documentVersion="3.0" id="VizMap-2015_05_21-21_14">
    <visualStyle name="grinn">
        <network>
            <visualProperty name="NETWORK_WIDTH" default="550.0"/>
            <visualProperty name="NETWORK_BACKGROUND_PAINT" default="#ffffff"/>
            <visualProperty name="NETWORK_HEIGHT" default="400.0"/>
            <visualProperty name="NETWORK_SCALE_FACTOR" default="1.0"/>
            <visualProperty name="NETWORK_EDGE_SELECTION" default="true"/>
            <visualProperty name="NETWORK_CENTER_X_LOCATION" default="0.0"/>
            <visualProperty name="NETWORK_CENTER_Y_LOCATION" default="0.0"/>
            <visualProperty name="NETWORK_CENTER_Z_LOCATION" default="0.0"/>
            <visualProperty name="NETWORK_DEPTH" default="0.0"/>
            <visualProperty name="NETWORK_NODE_SELECTION" default="true"/>
            <visualProperty name="NETWORK_TITLE" default=""/>
        </network>
        <node>
            <dependency name="nodeSizeLocked" value="true"/>
            <dependency name="nodeCustomGraphicsSizeSync" value="true"/>
            <visualProperty name="NODE_Z_LOCATION" default="0.0"/>
            <visualProperty name="NODE_CUSTOMGRAPHICS_SIZE_3" default="0.0"/>
            <visualProperty name="NODE_BORDER_TRANSPARENCY" default="255"/>
            <visualProperty name="NODE_CUSTOMGRAPHICS_9" default="org.cytoscape.ding.customgraphics.NullCustomGraphics,0,[ Remove Graphics ],"/>
            <visualProperty name="NODE_CUSTOMGRAPHICS_POSITION_7" default="C,C,c,0.00,0.00"/>
            <visualProperty name="NODE_HEIGHT" default="40.0"/>
            <visualProperty name="NODE_CUSTOMGRAPHICS_SIZE_8" default="0.0"/>
            <visualProperty name="NODE_TOOLTIP" default=""/>
            <visualProperty name="NODE_CUSTOMGRAPHICS_7" default="org.cytoscape.ding.customgraphics.NullCustomGraphics,0,[ Remove Graphics ],"/>
            <visualProperty name="NODE_CUSTOMGRAPHICS_POSITION_3" default="C,C,c,0.00,0.00"/>
            <visualProperty name="NODE_CUSTOMGRAPHICS_8" default="org.cytoscape.ding.customgraphics.NullCustomGraphics,0,[ Remove Graphics ],"/>
            <visualProperty name="NODE_CUSTOMGRAPHICS_5" default="org.cytoscape.ding.customgraphics.NullCustomGraphics,0,[ Remove Graphics ],"/>
            <visualProperty name="NODE_CUSTOMGRAPHICS_SIZE_9" default="0.0"/>
            <visualProperty name="NODE_WIDTH" default="60.0"/>
            <visualProperty name="NODE_FILL_COLOR" default="#999999"/>
            <visualProperty name="NODE_CUSTOMGRAPHICS_POSITION_6" default="C,C,c,0.00,0.00"/>
            <visualProperty name="NODE_CUSTOMGRAPHICS_4" default="org.cytoscape.ding.customgraphics.NullCustomGraphics,0,[ Remove Graphics ],"/>
            <visualProperty name="NODE_LABEL_FONT_SIZE" default="15"/>
            <visualProperty name="NODE_BORDER_STROKE" default="SOLID"/>
            <visualProperty name="NODE_CUSTOMGRAPHICS_SIZE_4" default="0.0"/>
            <visualProperty name="NODE_LABEL_POSITION" default="C,C,c,0.00,0.00"/>
            <visualProperty name="NODE_SIZE" default="42.0"/>
            <visualProperty name="NODE_CUSTOMGRAPHICS_SIZE_2" default="0.0"/>
            <visualProperty name="NODE_CUSTOMGRAPHICS_POSITION_9" default="C,C,c,0.00,0.00"/>
            <visualProperty name="NODE_CUSTOMGRAPHICS_2" default="org.cytoscape.ding.customgraphics.NullCustomGraphics,0,[ Remove Graphics ],"/>
            <visualProperty name="NODE_LABEL_COLOR" default="#000000"/>
            <visualProperty name="NODE_CUSTOMGRAPHICS_POSITION_8" default="C,C,c,0.00,0.00"/>
            <visualProperty name="NODE_CUSTOMGRAPHICS_POSITION_1" default="C,C,c,0.00,0.00"/>
            <visualProperty name="NODE_CUSTOMGRAPHICS_POSITION_2" default="C,C,c,0.00,0.00"/>
            <visualProperty name="NODE_LABEL_WIDTH" default="200.0"/>
            <visualProperty name="NODE_CUSTOMGRAPHICS_POSITION_4" default="C,C,c,0.00,0.00"/>
            <visualProperty name="NODE_LABEL_FONT_FACE" default="SansSerif,plain,12"/>
            <visualProperty name="NODE_Y_LOCATION" default="0.0"/>
            <visualProperty name="NODE_SELECTED" default="false"/>
            <visualProperty name="NODE_SHAPE" default="ELLIPSE">
                <discreteMapping attributeType="string" attributeName="nodetype">
                    <discreteMappingEntry value="HEXAGON" attributeValue="Gene"/>
                    <discreteMappingEntry value="ELLIPSE" attributeValue="Metabolite"/>
                    <discreteMappingEntry value="DIAMOND" attributeValue="Pathway"/>
                    <discreteMappingEntry value="RECTANGLE" attributeValue="Protein"/>
                </discreteMapping>
            </visualProperty>
            <visualProperty name="NODE_CUSTOMGRAPHICS_SIZE_5" default="0.0"/>
            <visualProperty name="NODE_BORDER_WIDTH" default="1.0"/>
            <visualProperty name="NODE_DEPTH" default="0.0"/>
            <visualProperty name="NODE_CUSTOMGRAPHICS_SIZE_7" default="0.0"/>
            <visualProperty name="NODE_LABEL" default="">
                <passthroughMapping attributeType="string" attributeName="nodename"/>
            </visualProperty>
            <visualProperty name="NODE_CUSTOMGRAPHICS_6" default="org.cytoscape.ding.customgraphics.NullCustomGraphics,0,[ Remove Graphics ],"/>
            <visualProperty name="NODE_CUSTOMGRAPHICS_SIZE_1" default="0.0"/>
            <visualProperty name="NODE_BORDER_PAINT" default="#999999"/>
            <visualProperty name="NODE_LABEL_TRANSPARENCY" default="255"/>
            <visualProperty name="NODE_CUSTOMGRAPHICS_3" default="org.cytoscape.ding.customgraphics.NullCustomGraphics,0,[ Remove Graphics ],"/>
            <visualProperty name="NODE_VISIBLE" default="true"/>
            <visualProperty name="NODE_CUSTOMGRAPHICS_1" default="org.cytoscape.ding.customgraphics.NullCustomGraphics,0,[ Remove Graphics ],"/>
            <visualProperty name="NODE_CUSTOMGRAPHICS_SIZE_6" default="0.0"/>
            <visualProperty name="NODE_X_LOCATION" default="0.0"/>
            <visualProperty name="NODE_NESTED_NETWORK_IMAGE_VISIBLE" default="true"/>
            <visualProperty name="NODE_TRANSPARENCY" default="255"/>
            <visualProperty name="NODE_SELECTED_PAINT" default="#ffff00"/>
            <visualProperty name="NODE_CUSTOMGRAPHICS_POSITION_5" default="C,C,c,0.00,0.00"/>
        </node>
        <edge>
            <dependency name="arrowColorMatchesEdge" value="false"/>
            <visualProperty name="EDGE_TARGET_ARROW_SHAPE" default="NONE"/>
            <visualProperty name="EDGE_LABEL_FONT_SIZE" default="10"/>
            <visualProperty name="EDGE_LABEL_TRANSPARENCY" default="255"/>
            <visualProperty name="EDGE_TOOLTIP" default=""/>
            <visualProperty name="EDGE_LABEL" default=""/>
            <visualProperty name="EDGE_SOURCE_ARROW_UNSELECTED_PAINT" default="#000000"/>
            <visualProperty name="EDGE_WIDTH" default="5.0"/>
            <visualProperty name="EDGE_TARGET_ARROW_SELECTED_PAINT" default="#ffff00"/>
            <visualProperty name="EDGE_CURVED" default="true"/>
            <visualProperty name="EDGE_SELECTED" default="false"/>
            <visualProperty name="EDGE_VISIBLE" default="true"/>
            <visualProperty name="EDGE_BEND"/>
            <visualProperty name="EDGE_TRANSPARENCY" default="255"/>
            <visualProperty name="EDGE_SOURCE_ARROW_SELECTED_PAINT" default="#ffff00"/>
            <visualProperty name="EDGE_SOURCE_ARROW_SHAPE" default="NONE"/>
            <visualProperty name="EDGE_TARGET_ARROW_UNSELECTED_PAINT" default="#000000"/>
            <visualProperty name="EDGE_LABEL_COLOR" default="#000000"/>
            <visualProperty name="EDGE_LABEL_FONT_FACE" default="SansSerif,plain,10"/>
            <visualProperty name="EDGE_LINE_TYPE" default="SOLID">
                <discreteMapping attributeType="integer" attributeName="direction">
                    <discreteMappingEntry value="SOLID" attributeValue="0"/>
                    <discreteMappingEntry value="SOLID" attributeValue="1"/>
                    <discreteMappingEntry value="DOT" attributeValue="-1"/>
                </discreteMapping>
            </visualProperty>
            <visualProperty name="EDGE_STROKE_UNSELECTED_PAINT" default="#404040">
                <discreteMapping attributeType="string" attributeName="interaction">
                    <discreteMappingEntry value="#0066ff" attributeValue="ASSIGN_TO"/>
                    <discreteMappingEntry value="#ff0033" attributeValue="CORRELATION"/>
                    <discreteMappingEntry value="#ff33ff" attributeValue="MAP_TO"/>
                    <discreteMappingEntry value="#ff0033" attributeValue="DIFF_CORRELATION"/>
                    <discreteMappingEntry value="#ff0033" attributeValue="MODULE"/>
                    <discreteMappingEntry value="#009900" attributeValue="ENCODE"/>
                </discreteMapping>
            </visualProperty>
            <visualProperty name="EDGE_STROKE_SELECTED_PAINT" default="#ff0000"/>
        </edge>
    </visualStyle>
</vizmap>
